Date,Open,High,Low,Close,Volume,Dividends,Stock Splits,MA20,MA50,MA200,RSI,MACD,Signal,Histogram,Returns,Volatility,Position,Strategy_Returns,Cumulative_Market,Cumulative_Strategy
2025-06-05 00:00:00-04:00,69.0,103.75,64.0,83.2300033569336,47192000,0.0,0.0,,,,,0.0,0.0,0.0,,,,,,
2025-06-06 00:00:00-04:00,96.38999938964844,123.51499938964844,92.94999694824219,107.69999694824219,60706300,0.0,0.0,,,,,1.9520222807881424,0.39040445615762853,1.561617824630514,0.2940044768034975,,0.0,0.0,1.2940044768034975,1.0
2025-06-09 00:00:00-04:00,132.72000122070312,138.57000732421875,108.4000015258789,115.25,45521100,0.0,0.0,,,,,4.061418644157968,1.1246072937576965,2.936811350400271,0.07010216588386853,,0.0,0.0,1.3847169932908447,1.0
2025-06-10 00:00:00-04:00,115.0,115.0,101.51000213623047,105.91000366210938,25517800,0.0,0.0,,,,,4.922724706520171,1.8842307763101915,3.038493930209979,-0.08104118297518981,,0.0,-0.0,1.2724978900687067,1.0
2025-06-11 00:00:00-04:00,107.0,120.48999786376953,106.5,117.19999694824219,26481400,0.0,0.0,,,,,6.442063966734537,2.795797414395061,3.646266552339476,0.10659987626996892,,0.0,0.0,1.4081460077038275,1.0
2025-06-12 00:00:00-04:00,116.79000091552734,117.93099975585938,104.26000213623047,106.54000091552734,13416500,0.0,0.0,,,,,6.7086455957259545,3.5783670506612397,3.130278545064715,-0.0909555999171443,,0.0,-0.0,1.2800672428021942,1.0
2025-06-13 00:00:00-04:00,108.80999755859375,134.72000122070312,108.80000305175781,133.55999755859375,34013600,0.0,0.0,,,,,8.996495372351603,4.661992714999313,4.3345026573522905,0.2536136325406062,,0.0,0.0,1.6047097461454969,1.0
2025-06-16 00:00:00-04:00,147.5399932861328,165.60000610351562,145.8800048828125,151.05999755859375,43781500,0.0,0.0,,,,,12.082457500792174,6.146085672157885,5.936371828634289,0.1310272560638721,,0.0,0.0,1.8149704609618942,1.0
2025-06-17 00:00:00-04:00,156.36000061035156,164.4199981689453,143.52999877929688,149.14999389648438,31234200,0.0,0.0,,,,,14.210177309279146,7.758903999582138,6.451273309697008,-0.012644006970597976,,0.0,-0.0,1.7920219618020625,1.0
2025-06-18 00:00:00-04:00,153.22000122070312,200.89999389648438,148.0,199.58999633789062,63566800,0.0,0.0,,,,,19.738958809154298,10.154914961496571,9.584043847657727,0.3381830674187858,,0.0,0.0,2.3980534457261142,1.0
2025-06-20 00:00:00-04:00,231.5,248.8800048828125,206.1699981689453,240.27999877929688,92427200,0.0,0.0,,,,,27.091605947582863,13.54225315871383,13.549352788869033,0.20386794522768148,,0.0,0.0,2.8869396742524587,1.0
2025-06-23 00:00:00-04:00,238.4600067138672,298.989990234375,232.47999572753906,263.45001220703125,99128700,0.0,0.0,,,,,34.39181083434664,17.712164693840393,16.67964614050625,0.09642922234661988,,0.0,0.0,3.1653250220022273,1.0
2025-06-24 00:00:00-04:00,250.4199981689453,265.0,217.57899475097656,222.64999389648438,68222600,0.0,0.0,,,,,36.464712793968715,21.46267431386606,15.002038480102655,-0.154868158740051,,0.0,-0.0,2.675116964030931,1.0
2025-06-25 00:00:00-04:00,218.5449981689453,227.5399932861328,198.0,198.6199951171875,49283200,0.0,0.0,,,,69.9726493869136,35.756306018754685,24.321400654843785,11.4349053639109,-0.10792723753888367,,0.0,-0.0,2.3863989800096674,1.0
2025-06-26 00:00:00-04:00,209.0399932861328,226.9499969482422,205.67999267578125,213.6300048828125,45550300,0.0,0.0,,,,71.45583612098199,35.99118689105845,26.65535790208672,9.335828988971727,0.07557149398160523,,0.0,0.0,2.566742716165177,1.0
2025-06-27 00:00:00-04:00,223.64700317382812,223.64700317382812,175.60000610351562,180.42999267578125,48112100,0.0,0.0,,,,61.632702878263764,33.1166203683303,27.94761039533544,5.169009972994864,-0.15540893810887302,,0.0,-0.0,2.1678479562472623,1.0
2025-06-30 00:00:00-04:00,181.77000427246094,192.5,178.0,181.2899932861328,34461500,0.0,0.0,,,,60.79366890028598,30.555673763960755,28.4692230690605,2.086450694900254,0.004766394974569987,,0.0,0.0,2.1781807758515512,1.0
2025-07-01 00:00:00-04:00,184.6699981689453,194.0,171.5,192.52999877929688,31252100,0.0,0.0,,,,64.06990776667868,29.097659925075078,28.594910440263416,0.5027494848116625,0.06200014291701028,,0.0,0.0,2.3132282952534315,1.0
2025-07-02 00:00:00-04:00,187.2100067138672,189.0,176.0,177.97000122070312,18546000,0.0,0.0,,,,59.767268807242516,26.462262839506735,28.16838092011208,-1.7061180806053464,-0.07562456578667687,,0.0,-0.0,2.138291409859436,1.0
2025-07-03 00:00:00-04:00,182.1699981689453,192.5,181.38999938964844,188.77000427246094,17192000,0.0,0.0,166.44049911499025,,,63.210485226989455,24.957467499221536,27.526198235933972,-2.5687307367124355,0.060684401740069616,,0.0,0.0,2.268052344812686,1.0
2025-07-07 00:00:00-04:00,193.75,208.60000610351562,186.60000610351562,207.4600067138672,31640800,0.0,0.0,172.65199928283693,,,62.19874414502667,24.98502157268041,27.01796290328326,-2.032941330602849,0.09900938718224572,2.276009767983058,1.0,0.09900938718224572,2.4926108175698456,1.0990093871822457
2025-07-08 00:00:00-04:00,199.5,209.5,196.0,204.80999755859375,22225500,0.0,0.0,177.5074993133545,,,59.32997486445612,24.51048318966849,26.516466960560308,-2.0059837708918167,-0.012773590424724035,2.1043223048061237,1.0,-0.012773590424724035,2.460771227897972,1.0849710913974528
2025-07-09 00:00:00-04:00,209.36000061035156,215.60000610351562,197.25,200.67999267578125,17934400,0.0,0.0,181.77899894714355,,,58.87621601901684,23.529913033526896,25.919156175153628,-2.389243141626732,-0.020165055085413774,2.111878653456147,1.0,-0.020165055085413774,2.411149640534808,1.0630925895733416
2025-07-10 00:00:00-04:00,208.83999633789062,209.57000732421875,199.0,202.89999389648438,12340100,0.0,0.0,186.6284984588623,,,50.68374229984579,22.670607019585674,25.26944634404004,-2.5988393244543673,0.011062394367782113,2.069039558220544,1.0,0.011062394367782113,2.4378227287381398,1.0748529390486687
2025-07-11 00:00:00-04:00,204.17999267578125,206.8000030517578,182.5,187.3300018310547,18227400,0.0,0.0,190.13499870300294,,,37.79560685161825,20.49695642202383,24.3149483596368,-3.817991937612973,-0.07673727222176852,2.0936993034407374,1.0,-0.07673727222176852,2.2507508623745465,0.992371656466523
2025-07-14 00:00:00-04:00,189.27000427246094,204.91000366210938,185.5399932861328,204.6999969482422,15445200,0.0,0.0,195.04299850463866,,,36.08677090841339,19.94601090425644,23.44116086856073,-3.4951499643042894,0.09272404285167735,2.0523764268730855,0.0,0.0,2.4594495817858135,0.992371656466523
2025-07-15 00:00:00-04:00,198.0,203.4600067138672,188.10000610351562,195.3300018310547,14758500,0.0,0.0,198.13149871826172,,,42.39844521709212,18.53958946754898,22.46084658835838,-3.9212571208094005,-0.04577428068822431,1.9105650393329903,1.0,-0.04577428068822431,2.3468700462906136,0.9469465577163863
2025-07-16 00:00:00-04:00,203.0500030517578,239.697998046875,201.32000732421875,233.1999969482422,43669500,0.0,0.0,202.23849868774414,,,58.93355316162559,20.2473832291345,22.018153916513604,-1.7707706873791054,0.19387700180304157,1.9686742693064205,0.0,0.0,2.801874174486803,0.9469465577163863
2025-07-17 00:00:00-04:00,225.5850067138672,244.36000061035156,220.00999450683594,235.0800018310547,29222500,0.0,0.0,206.53499908447264,,,55.944790948014656,21.504630773972735,21.915449288005433,-0.4108185140326981,0.008061770614987473,1.964258230968079,1.0,0.008061770614987473,2.824462241373573,0.9545806236493477
2025-07-18 00:00:00-04:00,244.89999389648438,262.9700012207031,222.49000549316406,223.77999877929688,42877400,0.0,0.0,207.74449920654297,,,63.67421722060756,21.34316201695114,21.800991833794576,-0.4578298168434358,-0.04806875516309894,1.605913537971097,1.0,-0.04806875516309894,2.688693857425569,0.9086951213677089
2025-07-21 00:00:00-04:00,226.39999389648438,231.8800048828125,213.3300018310547,216.10000610351562,19033100,0.0,0.0,206.5354995727539,,,60.52743374821771,20.360779250083255,21.51294931705231,-1.152170066969056,-0.03431938831743242,1.4395402758632923,1.0,-0.03431938831743242,2.596419528865886,0.8775092606353341
2025-07-22 00:00:00-04:00,207.5500030517578,211.99000549316406,192.89999389648438,198.30999755859375,18485900,0.0,0.0,203.27849884033202,,,51.68140522896706,17.939928488981224,20.798345151438095,-2.8584166624568716,-0.08232303582814415,1.4181425429839625,1.0,-0.08232303582814415,2.3826743909661663,0.8052700343325232
2025-07-23 00:00:00-04:00,198.3800048828125,202.5,195.0800018310547,202.41000366210938,10319800,0.0,0.0,202.2664993286133,,,57.5703135944626,16.1658729267005,19.87185070649058,-3.7059777797900786,0.02067473225753136,1.313877056331468,0.0,0.0,2.4319355460562684,0.8052700343325232
2025-07-24 00:00:00-04:00,199.75,201.25,189.22999572753906,193.0800018310547,9085900,0.0,0.0,201.98949966430663,,,51.34729516400884,13.847443232673328,18.66696921172713,-4.819525979053804,-0.046094568757726107,1.2648879991358983,1.0,-0.046094568757726107,2.3198365258142197,0.7681514593664462
2025-07-25 00:00:00-04:00,192.5399932861328,195.6999969482422,187.5,192.86000061035156,6988500,0.0,0.0,200.95099945068358,,,44.840258351080244,11.855654135898789,17.304706196561465,-5.449052060662677,-0.0011394303843834663,1.2342926783642219,0.0,-0.0,2.3171932335899044,0.7681514593664462
2025-07-28 00:00:00-04:00,196.97500610351562,197.89999389648438,183.91000366210938,185.36000061035156,9524200,0.0,0.0,201.1974998474121,,,43.354063860841684,9.561737844854406,15.756112526220054,-6.194374681365648,-0.03888831264266546,1.105099053420619,0.0,-0.0,2.2270814986685914,0.7681514593664462
2025-07-29 00:00:00-04:00,187.875,190.75,180.6820068359375,181.63999938964844,9534800,0.0,0.0,201.2150001525879,,,43.47587941164568,7.358792073924718,14.076648435760987,-6.717856361836269,-0.020069061331754123,1.1082475640114775,0.0,-0.0,2.1823860634809966,0.7681514593664462
2025-07-30 00:00:00-04:00,182.6199951171875,193.33399963378906,182.10000610351562,190.5,9317700,0.0,0.0,201.11350021362304,,,45.93602710575493,6.25575720722523,12.512470190053836,-6.256712982828606,0.048777805770332305,1.0997628590367512,0.0,0.0,2.2888380670013526,0.7681514593664462
2025-07-31 00:00:00-04:00,188.7550048828125,189.8699951171875,183.0,183.52000427246094,5770600,0.0,0.0,201.39100036621093,,,48.67680852737054,4.763456644426498,10.962667480928369,-6.199210836501871,-0.03664039751989012,1.0717848382153887,0.0,-0.0,2.2049741303677663,0.7681514593664462
2025-08-01 00:00:00-04:00,176.92999267578125,181.5500030517578,167.3000030517578,168.10000610351562,12924900,0.0,0.0,200.35750045776368,,,37.11449452764745,2.3099055615836903,9.232115097059435,-6.922209535475744,-0.08402352773516819,1.0924403309179302,0.0,-0.0,2.019704425369482,0.7681514593664462
2025-08-04 00:00:00-04:00,172.10000610351562,172.10000610351562,154.5,164.82000732421875,11701300,0.0,0.0,198.22550048828126,,,38.7773145273699,0.09963167027765962,7.405618411703079,-7.30598674142542,-0.019512187151718874,1.0235694538620363,0.0,-0.0,1.9802955746305178,0.7681514593664462
2025-08-05 00:00:00-04:00,160.0,164.32000732421875,153.91000366210938,153.92999267578125,7802400,0.0,0.0,195.68150024414064,,,13.620934241008143,-2.501918919313596,5.424110945499745,-7.926029864813341,-0.06607216457050424,1.043082194754683,0.0,-0.0,1.849453159525289,0.7681514593664462
2025-08-06 00:00:00-04:00,150.08999633789062,162.44000244140625,149.0,161.7100067138672,8357900,0.0,0.0,193.7330009460449,,,18.058349271909535,-3.8910310087549647,3.561082554648803,-7.452113563403768,0.050542547965118034,1.0658970679159019,0.0,0.0,1.942929234549835,0.7681514593664462
2025-08-07 00:00:00-04:00,167.67999267578125,169.9199981689453,151.10000610351562,152.92999267578125,10166300,0.0,0.0,191.23450088500977,,,18.46346653785517,-5.635424437893903,1.721781156140262,-7.3572055940341645,-0.05429480968126765,1.0750355828235578,0.0,-0.0,1.8374382615357807,0.7681514593664462
2025-08-08 00:00:00-04:00,155.01499938964844,163.22000122070312,154.11700439453125,159.02999877929688,8921000,0.0,0.0,189.8195007324219,,,24.234773872448443,-6.451282911863132,0.08716834253958328,-6.538451254402715,0.03988757206343374,1.0614599284110589,0.0,0.0,1.9107292126048996,0.7681514593664462
2025-08-11 00:00:00-04:00,161.0050048828125,169.8000030517578,155.52699279785156,161.1699981689453,11888900,0.0,0.0,187.64300079345702,,,30.473197093226332,-6.846257173355809,-1.2995167606394953,-5.546740412716314,0.013456576784725671,0.9990002582883908,0.0,0.0,1.9364410869691357,0.7681514593664462
2025-08-12 00:00:00-04:00,186.3000030517578,189.9199981689453,161.50999450683594,163.2100067138672,33232700,0.0,0.0,186.03700103759766,,,28.933805856950897,-6.914954193182723,-2.422604247148141,-4.492349946034582,0.012657495613938252,0.992835552816004,0.0,0.0,1.9609515815340974,0.7681514593664462
2025-08-13 00:00:00-04:00,156.63999938964844,164.63999938964844,152.14999389648438,153.16000366210938,17877900,0.0,0.0,182.035001373291,,,28.711617682934076,-7.6916833929801385,-3.4764200763145405,-4.215263316665598,-0.061577125411048206,0.6675139074123069,0.0,-0.0,1.840201820072979,0.7681514593664462
2025-08-14 00:00:00-04:00,152.0,156.8000030517578,136.39999389648438,139.22999572753906,17905900,0.0,0.0,177.24250106811525,,,25.048863024228623,-9.323803103921279,-4.645896681835889,-4.67790642208539,-0.09095068948484553,0.7039403954065224,0.0,-0.0,1.672834195746074,0.7681514593664462
2025-08-15 00:00:00-04:00,141.15499877929688,151.47000122070312,139.25,149.25999450683594,23286200,0.0,0.0,173.5165008544922,177.8881997680664,,33.59091542141145,-9.69616134401474,-5.655949614271659,-4.040211729743081,0.07203906548215877,0.7768387850292666,0.0,0.0,1.7933436079142198,0.7681514593664462
2025-08-18 00:00:00-04:00,148.69500732421875,149.4499969482422,141.35000610351562,141.5800018310547,8683100,0.0,0.0,169.79050064086914,179.05519973754883,,32.423666590524505,-10.490046431113086,-6.622768977639945,-3.8672774534731413,-0.051453791762196,0.783702105049413,0.0,-0.0,1.7010692793545363,0.7681514593664462
2025-08-19 00:00:00-04:00,143.97999572753906,144.64999389648438,133.11000061035156,135.22999572753906,9688100,0.0,0.0,166.6365005493164,179.60579971313476,,25.204138395022667,-11.49904467648642,-7.59802411740924,-3.90102055907718,-0.04485101018075277,0.7547742752290002,0.0,-0.0,1.6247746037880402,0.7681514593664462
2025-08-20 00:00:00-04:00,136.94000244140625,139.5,129.10000610351562,137.80999755859375,9944100,0.0,0.0,163.40650024414063,180.05699966430663,,28.65017312051529,-11.952715011250461,-8.468962296177486,-3.483752715072976,0.019078620961083814,0.7537135294336162,0.0,0.0,1.6557730626009073,0.7681514593664462
2025-08-21 00:00:00-04:00,135.0,136.99000549316406,131.58999633789062,131.8000030517578,4986600,0.0,0.0,160.34250030517578,180.5747996520996,,31.411316782360316,-12.65137121696705,-9.305444080335398,-3.3459271366316514,-0.04361072936149368,0.752534301578022,0.0,-0.0,1.5835635916837676,0.7681514593664462
2025-08-22 00:00:00-04:00,132.99000549316406,144.6999969482422,131.0500030517578,135.0399932861328,13309100,0.0,0.0,157.45149993896484,180.93159957885743,,34.74385337687298,-12.796115505120014,-10.003578365292322,-2.792537139827692,0.02458262639874631,0.7655285702017334,0.0,0.0,1.6224917438367865,0.7681514593664462
2025-08-25 00:00:00-04:00,134.36000061035156,135.32000732421875,124.69999694824219,125.23999786376953,10419800,0.0,0.0,154.44549980163575,181.30559951782226,,35.13626302722035,-13.545460488162064,-10.71195478986627,-2.8335056982957934,-0.07257105975707745,0.78758578085762,0.0,-0.0,1.5047457985394423,0.7681514593664462
2025-08-26 00:00:00-04:00,125.5999984741211,130.25,124.16000366210938,129.0500030517578,6923300,0.0,0.0,151.8159999847412,181.21539962768554,,32.35357939209884,-13.674257875969005,-11.304415407086818,-2.3698424688821866,0.03042163248942753,0.8061946666504051,0.0,0.0,1.5505226222126194,0.7681514593664462
2025-08-27 00:00:00-04:00,129.0500030517578,130.26300048828125,126.01000213623047,127.4000015258789,5567700,0.0,0.0,148.66100006103517,180.74219970703126,,35.05445043042518,-13.750959565050636,-11.793724238679582,-1.9572353263710536,-0.012785753482060347,0.7696750669376308,0.0,-0.0,1.530698022196651,0.7681514593664462
2025-08-28 00:00:00-04:00,129.0,132.77999877929688,127.66300201416016,130.94000244140625,5588700,0.0,0.0,146.03199996948243,180.37799987792968,,33.04767998279081,-13.371954153661676,-12.109370221676,-1.2625839319856755,0.027786506068512518,0.7836983697903107,0.0,0.0,1.5732307720794785,0.7681514593664462
2025-08-29 00:00:00-04:00,131.07000732421875,135.97000122070312,129.0,131.97999572753906,8140600,0.0,0.0,144.2259994506836,179.02579986572266,,32.14678749761086,-12.839663222726273,-12.255428821886056,-0.5842344008402165,0.007942517693156459,0.7441362662890665,0.0,0.0,1.5857261853221378,0.7681514593664462
2025-09-02 00:00:00-04:00,128.55999755859375,131.69000244140625,119.5999984741211,120.13999938964844,10272400,0.0,0.0,141.99199905395508,176.6229998779297,,26.47732765316293,-13.220806352534794,-12.448504328015805,-0.7723020245189893,-0.08971053736305035,0.794824755000059,0.0,-0.0,1.443469837126229,0.7681514593664462
2025-09-03 00:00:00-04:00,122.08999633789062,122.27100372314453,116.5999984741211,118.45999908447266,9473300,0.0,0.0,140.21849937438964,173.7231996154785,,29.141614080427118,-13.502775423281605,-12.659358547068965,-0.8434168762126397,-0.013983688311226428,0.7711284104440731,0.0,-0.0,1.4232848048371989,0.7681514593664462
2025-09-04 00:00:00-04:00,117.63999938964844,120.31999969482422,115.08000183105469,117.48999786376953,6393600,0.0,0.0,138.00749893188475,171.61999969482423,,34.52007649388469,-13.64719259405635,-12.856925356466443,-0.7902672375899069,-0.008188428399458547,0.7354369341431118,0.0,-0.0,1.411630339120752,0.7681514593664462
2025-09-05 00:00:00-04:00,117.77999877929688,118.80000305175781,108.0199966430664,114.55999755859375,11544500,0.0,0.0,136.0889991760254,169.93879974365234,,22.51266791744297,-13.838548605827711,-13.053250006338697,-0.785298599489014,-0.024938295671544153,0.721786456541718,0.0,-0.0,1.3764266843448367,0.7681514593664462
2025-09-08 00:00:00-04:00,114.0,117.77999877929688,110.05000305175781,112.45999908447266,8410400,0.0,0.0,133.76049919128417,167.91539962768556,,24.69585505260558,-13.998288395255628,-13.242257684122084,-0.756030711133544,-0.01833099265777316,0.6938904516315231,0.0,-0.0,1.3511954169001485,0.7681514593664462
2025-09-09 00:00:00-04:00,113.62999725341797,120.75,112.62000274658203,117.98999786376953,9098700,0.0,0.0,131.60149917602538,166.6665997314453,,34.80253486461116,-13.522776494091374,-13.298361446115944,-0.22441504797543033,0.04917302884862296,0.7250527595166265,0.0,0.0,1.4176377881155067,0.7681514593664462
2025-09-10 00:00:00-04:00,119.96499633789062,124.9800033569336,113.16999816894531,113.69000244140625,9925500,0.0,0.0,129.12549896240233,165.31459991455077,,29.363443955255477,-13.339138297594616,-13.30651681641168,-0.03262148118293595,-0.03644372828388409,0.7216334095092575,0.0,-0.0,1.3659737817604587,0.7681514593664462
2025-09-11 00:00:00-04:00,114.22000122070312,136.49000549316406,113.30000305175781,133.6999969482422,23638300,0.0,0.0,128.152498626709,164.1379998779297,,51.31142644456175,-11.447010367627698,-12.934615526654884,1.4876051590271864,0.1760048735784725,0.9749453704058502,0.0,0.0,1.6063918245307163,0.7681514593664462
2025-09-12 00:00:00-04:00,134.85000610351562,134.89999389648438,124.5,125.31999969482422,15291500,0.0,0.0,127.45699882507324,163.08499984741212,,43.735501269943455,-10.502613504050174,-12.448215122133943,1.945601618083769,-0.06267761738739619,0.9466566308154835,1.0,-0.06267761738739619,1.5057070123785388,0.7200055561007062
2025-09-15 00:00:00-04:00,129.89999389648438,135.77999877929688,125.08000183105469,134.0500030517578,12573800,0.0,0.0,126.69649925231934,161.99059982299804,,55.75742170894677,-8.946603004066802,-11.747892698520515,2.801289694453713,0.06966169309122772,0.9441707155093142,0.0,0.0,1.6105971121601619,0.7200055561007062
2025-09-16 00:00:00-04:00,139.60000610351562,142.5500030517578,133.9199981689453,134.80999755859375,12723000,0.0,0.0,126.35799903869629,160.5375996398926,,53.92049848440252,-7.56492452628018,-10.911299064072448,3.3463745377922685,0.005669485188616541,0.9275132652344871,1.0,0.005669485188616541,1.6197283686323825,0.7240876169367407
2025-09-17 00:00:00-04:00,135.0,146.5,128.25999450683594,131.0399932861328,19405300,0.0,0.0,126.14849891662598,159.06219955444337,,52.40803967609284,-6.696944013837054,-10.06842805402537,3.3714840401883155,-0.027965316673359775,0.9187937711340136,1.0,-0.027965316673359775,1.5744321518787534,0.7038382774298464
2025-09-18 00:00:00-04:00,134.74000549316406,143.5800018310547,134.07000732421875,140.4199981689453,15939000,0.0,0.0,126.27899894714355,157.85699966430664,,55.82166403670206,-5.192321353734627,-9.093206713967222,3.9008853602325946,0.07158123751067924,0.9516021533489549,1.0,0.07158123751067924,1.6871319536868363,0.7542198923356596
2025-09-19 00:00:00-04:00,145.0500030517578,147.6999969482422,139.52999877929688,144.13999938964844,16115600,0.0,0.0,126.89599876403808,156.68179977416992,,57.229491668174106,-3.657561948826384,-8.006077760939055,4.348515812112671,0.026491961751968107,0.9389204439023997,1.0,0.026491961751968107,1.7318273888744313,0.7742006568759894
2025-09-22 00:00:00-04:00,139.8800048828125,140.7100067138672,134.55999755859375,137.63999938964844,9117400,0.0,0.0,127.02599906921387,155.6879997253418,,61.10970113036327,-2.9319520224871383,-6.991252613248672,4.059300590761533,-0.045095046673538475,0.9531826539900197,1.0,-0.045095046673538475,1.6537305519426266,0.7392880421194825
2025-09-23 00:00:00-04:00,138.6699981689453,141.60000610351562,130.6999969482422,130.97000122070312,8952100,0.0,0.0,127.31249923706055,154.213399810791,,57.468658672153644,-2.8621212843025887,-6.165426347459455,3.3033050631568663,-0.04845973698432715,0.9315592565659903,1.0,-0.04845973698432715,1.5735912043525409,0.7034623380427142
2025-09-24 00:00:00-04:00,133.72999572753906,136.33999633789062,130.0399932861328,131.5800018310547,9155800,0.0,0.0,127.43899917602539,152.93839981079103,,58.44825839999715,-2.7261328078701013,-5.477567639541585,2.7514348316714834,0.004657559782133891,0.9262708630385408,1.0,0.004657559782133891,1.580920299459453,0.7067387559366278
2025-09-25 00:00:00-04:00,128.99000549316406,130.25999450683594,124.30000305175781,124.66000366210938,7729900,0.0,0.0,127.30199928283692,150.76759994506835,,55.77935872215921,-3.140544735163701,-5.010163058666008,1.8696183235023076,-0.05259156461960235,0.9455703411927414,1.0,-0.05259156461960235,1.49777722737199,0.6695702589846093
2025-09-26 00:00:00-04:00,125.41999816894531,128.49000549316406,122.83000183105469,126.98999786376953,5467800,0.0,0.0,127.10449905395508,148.60579986572264,,58.29243306056422,-3.2435682776668386,-4.656844102466175,1.413275824799336,0.018690792019993907,0.942639466907397,0.0,0.0,1.525771870021083,0.6695702589846093
2025-09-29 00:00:00-04:00,129.5,137.8000030517578,128.5,133.66000366210938,10474600,0.0,0.0,127.1884994506836,146.8033999633789,,58.82817303966882,-2.7552407526645197,-4.276523432505844,1.521282679841324,0.05252386731666214,0.9606853190479122,0.0,0.0,1.6059113092775659,0.6695702589846093
2025-09-30 00:00:00-04:00,136.1999969482422,137.99000549316406,132.3699951171875,132.5800018310547,7965500,0.0,0.0,127.81049957275391,145.13299987792968,,61.042908721647784,-2.4274031996252745,-3.90669938592973,1.4792961863044556,-0.008080216979380883,0.8986844825359876,1.0,-0.008080216979380883,1.5929351974489614,0.6641599860090734
2025-10-01 00:00:00-04:00,133.6199951171875,137.26699829101562,127.5999984741211,129.02999877929688,9067300,0.0,0.0,128.33899955749513,143.74739990234374,,46.61937333593722,-2.4260788280153918,-3.610575274346863,1.184496446331471,-0.026776308664420934,0.9036635070810107,1.0,-0.026776308664420934,1.5502822729196477,0.646376233221137
2025-10-02 00:00:00-04:00,133.4499969482422,152.0500030517578,132.75,149.72000122070312,19216200,0.0,0.0,129.95049972534179,142.69359985351562,,64.99139701054906,-0.746909067718633,-3.0378420330212172,2.2909329653025843,0.1603503265685995,1.0546187442343269,1.0,0.1603503265685995,1.798870541655824,0.7500228733043276
2025-10-03 00:00:00-04:00,148.39999389648438,156.47000122070312,144.13999938964844,145.77999877929688,19333300,0.0,0.0,131.51149978637696,141.74759979248046,,57.65765370901679,0.262889371008157,-2.3776957522153426,2.6405851232234996,-0.026315805565605532,1.0553074035773005,1.0,-0.026315805565605532,1.7515318142439138,0.7302854172006942
2025-10-06 00:00:00-04:00,154.00999450683594,154.1719970703125,145.55999755859375,148.50999450683594,10810000,0.0,0.0,133.31399955749512,140.86059967041015,,58.71944673690966,1.268823540629029,-1.6483918936464683,2.917215434275497,0.018726819525304972,1.0483767431907893,1.0,0.018726819525304972,1.7843324344220897,0.7439613404105736
2025-10-07 00:00:00-04:00,152.0,157.55999755859375,144.1840057373047,148.72000122070312,12330800,0.0,0.0,134.8504997253418,140.1277996826172,,61.78666955837615,2.0592417471005717,-0.9068651654970603,2.966106912597632,0.0014140914526632464,1.0419943018794189,1.0,0.0014140914526632464,1.7868556436663157,0.7450133697831601
2025-10-08 00:00:00-04:00,150.3000030517578,152.16000366210938,143.5500030517578,150.4600067138672,11706300,0.0,0.0,136.68899993896486,139.50419982910157,,57.45249864877293,2.7938519852768025,-0.16672173534228785,2.9605737206190903,0.011699875463165643,1.0252255449687269,1.0,0.011699875463165643,1.8077616321678662,0.7537299334280165
2025-10-09 00:00:00-04:00,150.8000030517578,153.8800048828125,145.8000030517578,150.47999572753906,10237500,0.0,0.0,137.5279998779297,138.70379974365235,,54.97957585075055,3.339157113311501,0.53445403438847,2.8047030789230307,0.00013285267034368609,0.8332124102728146,1.0,0.00013285267034368609,1.8080017981280445,0.7538300684623904
2025-10-10 00:00:00-04:00,150.88999938964844,159.47000122070312,132.60499572753906,132.94000244140625,22403100,0.0,0.0,137.90900001525878,137.69219970703125,,46.85408491281552,2.329135659592339,0.8933903594292438,1.435745300163095,-0.11656029893761388,0.9114142601991819,1.0,-0.11656029893761388,1.5972605680584961,0.6659634103342522
2025-10-13 00:00:00-04:00,138.05999755859375,141.3800048828125,135.11000061035156,137.47000122070312,10351000,0.0,0.0,138.07999992370605,137.079599609375,,54.47905196988955,1.8726328772822853,1.0892388629998522,0.7833940142824332,0.034075512984088396,0.8860643827482197,0.0,0.0,1.6516880412843458,0.6659634103342522
2025-10-14 00:00:00-04:00,133.25,138.6199951171875,129.3300018310547,134.4600067138672,7650400,0.0,0.0,138.06250038146973,136.47239959716796,,51.92102802235405,1.25351993473015,1.1220950773459117,0.13142485738423826,-0.021895646178132333,0.8902353377584556,0.0,-0.0,1.6155232643357313,0.6659634103342522
2025-10-15 00:00:00-04:00,137.32000732421875,141.10000610351562,132.5800018310547,134.47999572753906,9018700,0.0,0.0,138.23450050354003,136.08339965820312,,57.21421879172152,0.7557693747359906,1.0488299368239276,-0.29306056208793696,0.00014866140617120216,0.8835329509559453,0.0,0.0,1.6157634302959099,0.6659634103342522
2025-10-16 00:00:00-04:00,135.9199981689453,136.8699951171875,127.87999725341797,128.4600067138672,7387800,0.0,0.0,137.63650093078613,135.41839965820313,,51.02439673799949,-0.123045935463864,0.8144547623663693,-0.9375006978302333,-0.044764940548247534,0.8594863322461516,0.0,-0.0,1.543433876398681,0.6659634103342522
2025-10-17 00:00:00-04:00,125.25,127.75800323486328,123.08999633789062,126.48999786376953,7837400,0.0,0.0,136.75400085449218,134.8895997619629,,44.65323794216791,-0.9673259194121044,0.4580986260106746,-1.425424545422779,-0.015335581092453698,0.8531989763388307,0.0,-0.0,1.5197644210263288,0.6659634103342522
2025-10-20 00:00:00-04:00,129.7899932861328,135.72900390625,128.25,130.80999755859375,9339400,0.0,0.0,136.41250076293946,134.32519973754881,,48.740926998318045,-1.2731598238367496,0.11184693604118973,-1.3850067598779394,0.034152895626394786,0.8503861215641229,0.0,0.0,1.5716687766743493,0.6659634103342522
2025-10-21 00:00:00-04:00,130.4499969482422,133.0,125.6500015258789,129.85000610351562,9603000,0.0,0.0,136.35650100708008,133.69879989624025,,50.605618708141144,-1.5748448527928929,-0.2254914217256268,-1.3493534310672661,-0.007338823277999951,0.8324201304158867,0.0,-0.0,1.560134577270786,0.6659634103342522
2025-10-22 00:00:00-04:00,128.57000732421875,131.0,122.5,124.79000091552734,8810200,0.0,0.0,136.01700096130372,132.93039978027343,,26.061057170675397,-2.1969079548311754,-0.6197747283467365,-1.5771332264844389,-0.03896807816824033,0.8440926264050143,0.0,-0.0,1.4993391311107234,0.6659634103342522
2025-10-23 00:00:00-04:00,124.9800033569336,130.00999450683594,124.30999755859375,129.86000061035156,6896100,0.0,0.0,136.27700080871583,132.4643997192383,,35.03758626455716,-2.254798922882827,-0.9467795672539547,-1.3080193556288724,0.040628252725602554,0.8338110359733933,0.0,0.0,1.5602546602508751,0.6659634103342522
2025-10-24 00:00:00-04:00,132.9600067138672,144.02999877929688,131.02000427246094,142.0500030517578,15678700,0.0,0.0,137.03000106811524,132.52079986572267,,44.845200906663706,-1.302037533034678,-1.0178311604100994,-0.2842063726245787,0.09387034024420404,0.8928033355233703,0.0,0.0,1.7067162960762297,0.6659634103342522
2025-10-27 00:00:00-04:00,146.92999267578125,147.44000244140625,138.10000610351562,143.2899932861328,9715600,0.0,0.0,137.5115005493164,132.4013998413086,,45.73715526050046,-0.4418174222002449,-0.9026284127681286,0.46081099056788366,0.008729251726402154,0.8766280344299701,1.0,0.008729251726402154,1.7216146522502318,0.6717767725836331
2025-10-28 00:00:00-04:00,143.25,143.3800048828125,135.85000610351562,136.11000061035156,7857500,0.0,0.0,137.68800048828126,132.29199981689453,,39.62099106058934,-0.3355837890196369,-0.7892194880184302,0.4536356989987933,-0.05010812347128579,0.8973280555067031,1.0,-0.05010812347128579,1.6353477726853025,0.6381152991178706
2025-10-29 00:00:00-04:00,136.0,136.0500030517578,129.67999267578125,131.74000549316406,7593600,0.0,0.0,137.8235008239746,132.22220001220703,,37.24822877068649,-0.5971315924398652,-0.7508019089027173,0.153670316462852,-0.032106348523924355,0.8998535045948133,0.0,-0.0,1.5828427271376448,0.6381152991178706
2025-10-30 00:00:00-04:00,129.97000122070312,130.0,122.48999786376953,122.70999908447266,10751300,0.0,0.0,136.47300071716307,131.92020004272462,,42.12712854298209,-1.5155854357850558,-0.9037586142791851,-0.6118268215058706,-0.06854414780755391,0.7152779079414019,0.0,-0.0,1.4743481212926104,0.6381152991178706
2025-10-31 00:00:00-04:00,126.30999755859375,129.39999389648438,124.87999725341797,126.9800033569336,6616900,0.0,0.0,135.53300094604492,131.82380004882813,,41.8946044202406,-1.877273029938607,-1.0984614974110696,-0.7788115325275373,0.03479752509427936,0.7283389423009858,0.0,0.0,1.5256517870409936,0.6381152991178706
2025-11-03 00:00:00-05:00,125.75,125.75,117.82599639892578,117.86000061035156,9050500,0.0,0.0,134.0005012512207,131.4802001953125,,38.28013870377385,-2.8667746629208466,-1.452124130513025,-1.4146505324078216,-0.07182235395715197,0.7581064968964788,0.0,-0.0,1.4160758843767738,0.6381152991178706
2025-11-04 00:00:00-05:00,113.79000091552734,117.19999694824219,108.9000015258789,111.25,10279100,0.0,0.0,132.12700119018555,131.2004002380371,,34.99547913215895,-4.136648929326171,-1.9890290902756542,-2.147619839050517,-0.05608349377329813,0.7735486390733229,0.0,-0.0,1.3366574013328114,0.6381152991178706
2025-11-05 00:00:00-05:00,113.0999984741211,114.8499984741211,111.94000244140625,113.02999877929688,6050000,0.0,0.0,130.25550079345703,130.88000015258788,,39.45605554140967,-4.9424291621576515,-2.579709104652054,-2.3627200575055975,0.01599998902738764,0.7755372906813207,0.0,0.0,1.3580439050875128,0.6381152991178706
2025-11-06 00:00:00-05:00,113.05000305175781,113.36000061035156,100.0,100.01000213623047,11702600,0.0,0.0,127.7320011138916,130.33220016479493,,34.279268498385974,-6.556046693171581,-3.37497662235596,-3.181070070815621,-0.11519062889215226,0.8536423361544222,0.0,-0.0,1.2016099735973278,0.6381152991178706
2025-11-07 00:00:00-05:00,99.0,103.33000183105469,96.0999984741211,103.13999938964844,9524300,0.0,0.0,126.24200096130372,129.77620010375978,,33.33734574202883,-7.495877779098748,-4.199156853704518,-3.2967209253942302,0.03129684218138884,0.7879079175511124,0.0,0.0,1.2392165713045862,0.6381152991178706
2025-11-10 00:00:00-05:00,107.80000305175781,110.53500366210938,102.58000183105469,104.0999984741211,8568000,0.0,0.0,124.57350082397461,129.2186001586914,,34.49355029864722,-8.070208443339041,-4.973367171631423,-3.0968412717076177,0.009307728234958734,0.7737156267162772,0.0,0.0,1.2507508623745467,0.6381152991178706
2025-11-11 00:00:00-05:00,102.05000305175781,102.48999786376953,97.94999694824219,98.30000305175781,8745300,0.0,0.0,122.76550064086913,128.7818002319336,,34.18884818521555,-8.890892120600867,-5.756872161425313,-3.1340199591755544,-0.055715614864347396,0.7882460955019556,0.0,-0.0,1.181064509035236,0.6381152991178706
2025-11-12 00:00:00-05:00,93.8499984741211,95.5199966430664,85.86000061035156,86.30000305175781,39011300,0.0,0.0,120.35650100708008,128.1386003112793,,25.98676606808013,-10.389822156967227,-6.683462160533695,-3.706359996433532,-0.12207527596597989,0.8732382286016167,0.0,-0.0,1.0368857331611352,0.6381152991178706
2025-11-13 00:00:00-05:00,86.0199966430664,88.41999816894531,81.37999725341797,82.33999633789062,52219400,0.0,0.0,118.05050048828124,127.43560028076172,,13.798946963903802,-11.761692981358024,-7.699108324698561,-4.062584656659463,-0.045886518816137256,0.8736611777115878,0.0,-0.0,0.9893066564562525,0.6381152991178706
2025-11-14 00:00:00-05:00,83.5,85.05000305175781,81.5,81.88999938964844,37549600,0.0,0.0,115.8205005645752,126.78220031738282,,12.41430007210937,-12.73838135552559,-8.706962930863966,-4.031418424661624,-0.005465107702890548,0.8751392711526114,0.0,-0.0,0.9838999890275325,0.6381152991178706
2025-11-17 00:00:00-05:00,81.79000091552734,81.9000015258789,75.0999984741211,76.58999633789062,23753300,0.0,0.0,113.10950050354003,126.06480026245117,,12.706765666502164,-13.781218571831005,-9.721814059057374,-4.0594045127736305,-0.06472100489999244,0.8642618079099187,0.0,-0.0,0.9202209930165791,0.6381152991178706
2025-11-18 00:00:00-05:00,75.62000274658203,78.1500015258789,75.04299926757812,76.5999984741211,16437600,0.0,0.0,110.4470001220703,125.2370002746582,,13.454401074911146,-14.440407461808789,-10.665532739607658,-3.7748747222011314,0.00013059324596831345,0.8666860925733654,0.0,0.0,0.9203411676630653,0.6381152991178706
2025-11-19 00:00:00-05:00,76.48999786376953,76.5999984741211,67.55000305175781,69.72000122070312,28886500,0.0,0.0,107.6935001373291,124.35760025024415,,13.849094554627726,-15.34113463557621,-11.600653118801368,-3.7404815167748424,-0.08981719830898349,0.8961634750405562,0.0,-0.0,0.8376787024951503,0.6381152991178706
2025-11-20 00:00:00-05:00,71.29000091552734,71.40499877929688,64.91999816894531,66.93000030517578,20369400,0.0,0.0,104.54700012207032,123.02220031738281,,8.188271067159079,-16.094568994204423,-12.499436293881981,-3.5951327003224414,-0.040017224134799134,0.8602827706079287,0.0,-0.0,0.8041571261044541,0.6381152991178706
2025-11-21 00:00:00-05:00,66.92500305175781,72.33000183105469,66.13999938964844,71.33000183105469,19456200,0.0,0.0,101.01100006103516,121.94240036010743,,15.32269986649412,-16.150455404236695,-13.229640115952925,-2.9208152882837695,0.06574034821181152,0.8104028461016825,0.0,0.0,0.8570226955915705,0.6381152991178706
2025-11-24 00:00:00-05:00,72.0,73.43000030517578,69.61000061035156,72.73999786376953,15679700,0.0,0.0,97.48350028991699,120.71620025634766,,18.888344431028173,-15.897711963284877,-13.763254485419315,-2.1344574778655616,0.019767222718631405,0.8187688371199143,0.0,0.0,0.8739636540902509,0.6381152991178706
2025-11-25 00:00:00-05:00,69.13999938964844,70.11000061035156,68.052001953125,70.11000061035156,12630900,0.0,0.0,94.18350028991699,119.42220031738282,,15.79534200705882,-15.728323441862699,-14.156268276707992,-1.5720551651547066,-0.03615613597272216,0.8161757562891575,0.0,-0.0,0.8423645053777467,0.6381152991178706
2025-11-26 00:00:00-05:00,71.1500015258789,73.29000091552734,68.86000061035156,72.63999938964844,15840800,0.0,0.0,91.2284999847412,118.25420043945313,,23.80860598749129,-15.214548219700703,-14.367924265306534,-0.8466239543941683,0.036086132609779664,0.8504867367945687,0.0,0.0,0.8727621826245795,0.6381152991178706
2025-11-28 00:00:00-05:00,75.30999755859375,81.4800033569336,74.0199966430664,79.93000030517578,22254900,0.0,0.0,89.08950004577636,117.04440048217774,,29.427405852845595,-14.057094075518037,-14.305758227348836,0.24866415183079837,0.10035794296229317,0.9490847853313458,0.0,0.0,0.9603507999680635,0.6381152991178706
2025-12-01 00:00:00-05:00,77.48999786376953,79.83999633789062,75.2300033569336,75.94000244140625,18852700,0.0,0.0,86.5375,115.6804005432129,,26.31224891440921,-13.30835240666687,-14.106277063212444,0.7979246565455735,-0.04991865192713085,0.9323261950339227,0.0,-0.0,0.9124113826565161,0.6381152991178706
2025-12-02 00:00:00-05:00,78.4000015258789,80.7300033569336,77.18000030517578,77.44000244140625,16567100,0.0,0.0,84.51650009155273,114.47640060424804,,31.08451138805448,-12.450411185696112,-13.775103887709179,1.324692702013067,0.01975243549876593,0.9262943043256362,0.0,0.0,0.9304337296407788,0.6381152991178706
2025-12-03 00:00:00-05:00,78.38999938964844,86.58999633789062,75.97000122070312,86.29000091552734,21053700,0.0,0.0,83.2685001373291,113.58280059814453,,49.99038071105843,-10.930367203402284,-13.206156550847801,2.2757893474455173,0.11428200148647072,1.0279743402652115,0.0,0.0,1.0367655585146487,0.6381152991178706
2025-12-04 00:00:00-05:00,83.9800033569336,88.2699966430664,83.19999694824219,87.45999908447266,14235400,0.0,0.0,81.9900001525879,112.7004005432129,,55.20325595337137,-9.52155377697811,-12.469235996073865,2.9476822190957552,0.01355890782862157,1.0271723886476676,1.0,0.01355890782862157,1.0508229671624383,0.6467674456426431
2025-12-05 00:00:00-05:00,86.08999633789062,86.66000366210938,83.13999938964844,85.62000274658203,10474100,0.0,0.0,81.27050018310547,111.91960052490235,,53.68650344876158,-8.456055173235598,-11.666599831506213,3.2105446582706154,-0.0210381472347545,0.951785820924079,1.0,-0.0210381472347545,1.0287155988616132,0.6331606568945671
2025-12-08 00:00:00-05:00,86.94499969482422,87.41000366210938,81.33999633789062,83.95999908447266,10024600,0.0,0.0,80.31150016784667,111.05900054931641,,57.84878000347426,-7.657319463312305,-10.864743757867432,3.2074242945551266,-0.01938803560918645,0.9423823292579407,1.0,-0.01938803560918645,1.0087708241991586,0.6208849155323594
2025-12-09 00:00:00-05:00,83.2300033569336,89.9800033569336,81.76000213623047,88.87999725341797,14570000,0.0,0.0,79.55050010681153,110.16340042114258,,61.83957023517255,-6.551787990911677,-10.002152604476281,3.450364613564604,0.058599311846052604,0.9705986187666629,1.0,0.058599311846052604,1.0678841003076047,0.6572683443181501
2025-12-10 00:00:00-05:00,87.33999633789062,89.55000305175781,85.05000305175781,88.41000366210938,9329300,0.0,0.0,79.05600013732911,109.28000045776368,,70.56106707491078,-5.648458970065022,-9.13141387759403,3.482954907529008,-0.00528795686130068,0.9527480926294767,1.0,-0.00528795686130068,1.0622371752523092,0.6537927376670971
2025-12-11 00:00:00-05:00,85.8499984741211,89.26000213623047,83.33000183105469,88.56999969482422,11154500,0.0,0.0,79.16949996948242,108.47080047607422,,75.26857906458797,-4.8635894386430465,-8.277848989803834,3.4142595511607876,0.0018097050796008762,0.8436169992384155,1.0,0.0018097050796008762,1.0641595112641042,0.6549759097054594
2025-12-12 00:00:00-05:00,89.52999877929688,91.30000305175781,82.02999877929688,83.47000122070312,13858000,0.0,0.0,79.22600021362305,107.14580047607421,,63.94761800411973,-4.600075132032742,-7.542294218249616,2.9422190862168733,-0.057581556866812544,0.8534991580189524,1.0,-0.057581556866812544,1.0028835498508908,0.6172613771143622
2025-12-15 00:00:00-05:00,83.8499984741211,84.18000030517578,74.73400115966797,75.45999908447266,15025000,0.0,0.0,78.90450019836426,105.73940048217773,,52.713489937932756,-4.980170074962885,-7.02986938959227,2.049699314629385,-0.09596264549045841,0.9217679115090402,1.0,-0.09596264549045841,0.9066441912883373,0.5580273424073845
2025-12-16 00:00:00-05:00,77.86000061035156,83.5,77.33000183105469,83.0,15029100,0.0,0.0,79.22500038146973,104.42920059204101,,61.711796519841556,-4.619729628726915,-6.5478414374191996,1.9281118086922842,0.09992050102050487,0.9588636255396092,0.0,0.0,0.9972365331291984,0.5580273424073845
2025-12-17 00:00:00-05:00,82.87999725341797,85.73999786376953,79.08000183105469,79.19999694824219,10977800,0.0,0.0,79.35500030517578,103.0388005065918,,55.82593159941415,-4.587820922799352,-6.15583733449523,1.5680164116958775,-0.04578316929828685,0.9761225802058883,1.0,-0.04578316929828685,0.9515798841025076,0.5324790821168741
2025-12-18 00:00:00-05:00,82.73999786376953,84.47000122070312,80.08000183105469,80.98999786376953,10406200,0.0,0.0,79.9185001373291,101.64940032958984,,51.04330493435715,-4.367746269078424,-5.798219121411869,1.4304728523334447,0.022601022531568038,0.9132015193435691,0.0,0.0,0.9730865625036953,0.5324790821168741
2025-12-19 00:00:00-05:00,82.43499755859375,86.30000305175781,82.43000030517578,86.12999725341797,13856900,0.0,0.0,80.87849998474121,100.36240036010742,,59.807504241694566,-3.7355197797344744,-5.38567925307639,1.6501594733419154,0.06346461940021597,0.9133060452091909,1.0,0.06346461940021597,1.0348431308364567,0.5662726644019979
2025-12-22 00:00:00-05:00,87.73999786376953,91.19999694824219,86.43000030517578,87.0,10721200,0.0,0.0,81.66199989318848,99.4436003112793,,59.3141066218457,-3.1282136811794317,-4.934186138696998,1.8059724575175666,0.010101042311916553,0.8928192748640459,1.0,0.010101042311916553,1.045296125087232,0.5719926085452042
2025-12-23 00:00:00-05:00,84.80000305175781,85.56999969482422,81.0199966430664,82.7300033569336,9394700,0.0,0.0,82.16150016784668,98.34880035400391,,46.19170057509389,-2.95738141388172,-4.538825193733943,1.581443779852223,-0.049080421184671374,0.9174298634705551,1.0,-0.049080421184671374,0.9939925510052456,0.5439189704032867
2025-12-24 00:00:00-05:00,82.72000122070312,83.04499816894531,79.86000061035156,82.63999938964844,6401500,0.0,0.0,82.78800010681152,97.31240020751953,,44.72185708100944,-2.7970159207808365,-4.190463339143322,1.3934474183624852,-0.0010879241343293433,0.9033724167166007,1.0,-0.0010879241343293433,0.9929111625196635,0.5433272278282655
2025-12-26 00:00:00-05:00,82.38999938964844,82.5,79.70999908447266,81.2699966430664,6140600,0.0,0.0,83.21949996948243,96.24820022583008,,45.186981778595964,-2.7487865835114036,-3.9021279880169386,1.153341404505535,-0.01657796172193149,0.9023663557148223,0.0,-0.0,0.976450719274134,0.5433272278282655
2025-12-29 00:00:00-05:00,79.24500274658203,83.03600311279297,79.12300109863281,80.51000213623047,7400500,0.0,0.0,83.24850006103516,95.28920013427734,,46.10521847908884,-2.7403012049024795,-3.6697626313940472,0.9294614264915677,-0.009351477030001498,0.8334449077165571,0.0,-0.0,0.9673194628019135,0.5433272278282655
2025-12-30 00:00:00-05:00,80.18000030517578,82.88999938964844,79.6500015258789,79.88999938964844,7561700,0.0,0.0,83.44599990844726,94.35720016479492,,38.759691992989126,-2.751883521048441,-3.486186809324926,0.7343032882764851,-0.007700940630121056,0.8119946724682674,0.0,-0.0,0.9598701930485154,0.5433272278282655
2025-12-31 00:00:00-05:00,79.95999908447266,80.38999938964844,78.7699966430664,79.30000305175781,5754000,0.0,0.0,83.53899993896485,93.3270002746582,,38.64372915516678,-2.776662724230434,-3.344281992306028,0.5676192680755943,-0.007385108804582985,0.8106195449995826,0.0,-0.0,0.952781447234576,0.5433272278282655
2026-01-02 00:00:00-05:00,80.83999633789062,84.58000183105469,79.62000274658203,83.47000122070312,8382500,0.0,0.0,83.39799995422364,92.39940017700195,,44.220310339264216,-2.4317843232266227,-3.1617824584901473,0.7299981352635245,0.05258509468434225,0.7224749474700372,0.0,0.0,1.0028835498508908,0.5433272278282655
2026-01-05 00:00:00-05:00,84.57499694824219,88.05999755859375,84.0999984741211,84.80000305175781,9112400,0.0,0.0,83.26500015258789,91.59960021972657,,51.64808132574088,-2.027770793772234,-2.934980125546565,0.907209331774331,0.015933890159388175,0.7231446039697931,1.0,0.015933890159388175,1.018863386176872,0.551984544197086
2026-01-06 00:00:00-05:00,86.0,86.19999694824219,81.947998046875,84.8499984741211,7456700,0.0,0.0,83.22649993896485,90.69940017700195,,64.49521390335283,-1.6841392393528167,-2.6848119483078157,1.000672708954999,0.000589568638727167,0.7190853735070779,1.0,0.000589568638727167,1.0194640760765095,0.5523099769734067
2026-01-07 00:00:00-05:00,83.19000244140625,83.5999984741211,80.52999877929688,80.58999633789062,6610400,0.0,0.0,83.05799980163575,89.47020004272461,,45.860522824495625,-1.7355489983035284,-2.4949593583069585,0.7594103600034301,-0.05020627239645448,0.7384620641477432,1.0,-0.05020627239645448,0.9682805849746124,0.5245805518222003
2026-01-08 00:00:00-05:00,79.9000015258789,82.72000122070312,78.8499984741211,81.79000091552734,5375000,0.0,0.0,82.70349998474121,88.2402001953125,,54.88495616480066,-1.6603221024186325,-2.328031907129293,0.6677098047106607,0.014890242364640871,0.7072999463081141,0.0,0.0,0.9826985175618607,0.5245805518222003
2026-01-09 00:00:00-05:00,82.19999694824219,84.33000183105469,79.44999694824219,82.9000015258789,7686400,0.0,0.0,82.4279998779297,87.17600021362304,,53.69725808500143,-1.493915544390532,-2.161208634581541,0.6672930901910088,0.013571348550270423,0.709727346447569,0.0,0.0,0.9960350616635267,0.5245805518222003
2026-01-12 00:00:00-05:00,81.13999938964844,83.12000274658203,79.8499984741211,82.9000015258789,6863200,0.0,0.0,82.14449996948242,86.19920013427735,,42.19430800772896,-1.346515357395404,-1.9982699791443137,0.6517546217489096,0.0,0.7096186900139435,1.0,0.0,0.9960350616635267,0.5245805518222003
2026-01-13 00:00:00-05:00,83.23500061035156,84.27999877929688,80.29000091552734,83.45999908447266,8436100,0.0,0.0,82.1439998626709,85.41420013427734,,41.31501130370947,-1.17101380613083,-1.8328187445416169,0.6618049384107869,0.006755097084273798,0.6793076114299387,1.0,0.006755097084273798,1.0027633752044045,0.5281241443782811
2026-01-14 00:00:00-05:00,84.98999786376953,88.45999908447266,81.75,84.80000305175781,14373600,0.0,0.0,82.61100006103516,84.57060012817382,,55.93122966132929,-0.9132728006998718,-1.648909555773268,0.7356367550733962,0.016055643206141168,0.576065561362042,1.0,0.016055643206141168,1.0188633861768723,0.5366035172089674
2026-01-15 00:00:00-05:00,83.47000122070312,83.79000091552734,76.11000061035156,76.5999984741211,16933700,0.0,0.0,82.2909999847412,83.74540008544922,,38.184664144031956,-1.3550627165902398,-1.5901401879366623,0.23507747134642254,-0.09669816370916673,0.575785299013265,1.0,-0.09669816370916673,0.9203411676630652,0.48471494245498
2026-01-16 00:00:00-05:00,76.73999786376953,80.0199966430664,75.58000183105469,78.61000061035156,9931600,0.0,0.0,82.26150016784668,83.09260009765624,,44.92367258022292,-1.5254100561601263,-1.5771941615813554,0.05178410542122913,0.02624023728811875,0.5620064868343487,0.0,0.0,0.9444911382885682,0.48471494245498
2026-01-20 00:00:00-05:00,75.69999694824219,77.47000122070312,72.62000274658203,72.69999694824219,12061500,0.0,0.0,81.84700012207031,82.28600006103515,,37.54385683124979,-2.112942764696143,-1.684343882204313,-0.4285988824918301,-0.07518132064905658,0.615070398159449,0.0,-0.0,0.8734830471707029,0.48471494245498
2026-01-21 00:00:00-05:00,72.9000015258789,74.58999633789062,70.41999816894531,72.63999938964844,8343200,0.0,0.0,81.17250022888183,81.73860000610351,,38.22670024689596,-2.5539674240387313,-1.858268590571197,-0.6956988334675343,-0.0008252759437729074,0.5605549308950424,0.0,-0.0,0.8727621826245795,0.48471494245498
2026-01-22 00:00:00-05:00,73.55000305175781,73.80999755859375,70.76000213623047,71.3499984741211,7345900,0.0,0.0,80.39000015258789,81.10279998779296,,37.376943053825606,-2.9733005786194298,-2.0812749881808434,-0.8920255904385863,-0.017758823325529582,0.5574241253131097,0.0,-0.0,0.857262953218146,0.48471494245498
2026-01-23 00:00:00-05:00,70.86000061035156,72.55000305175781,69.87999725341797,71.33000183105469,7506200,0.0,0.0,79.82000007629395,80.44740005493163,,27.798108558368753,-3.26954935697006,-2.318929861938687,-0.9506194950313733,-0.000280261296342732,0.5377574068791892,0.0,-0.0,0.8570226955915705,0.48471494245498
2026-01-26 00:00:00-05:00,70.01000213623047,72.43000030517578,69.8499984741211,70.9000015258789,7238000,0.0,0.0,79.23300018310547,79.89940002441406,,23.71407671809196,-3.4986952976067016,-2.55488294907229,-0.9438123485344114,-0.00602832320394775,0.5373445444426921,0.0,-0.0,0.851856285789426,0.48471494245498
2026-01-27 00:00:00-05:00,70.37999725341797,70.53800201416016,67.5,69.95999908447266,10213400,0.0,0.0,78.66750030517578,79.57259994506836,,22.758891184188485,-3.7133403712363986,-2.7865744335051117,-0.9267659377312869,-0.013258144163271202,0.5366941508246917,0.0,-0.0,0.840562252346041,0.48471494245498
2026-01-28 00:00:00-05:00,72.86000061035156,77.0,71.91000366210938,72.83999633789062,16300600,0.0,0.0,78.28400001525878,79.38259994506836,,35.06744440393729,-3.6094489486367394,-2.9511493365314374,-0.658299612105302,0.04116634206842318,0.5629519400047428,0.0,0.0,0.8751651255559223,0.48471494245498
2026-01-29 00:00:00-05:00,70.30500030517578,70.5999984741211,65.75,67.55000305175781,16968100,0.0,0.0,77.66700019836426,79.09580001831054,,26.298273252699815,-3.908912979982233,-3.1427020652215965,-0.7662109147606366,-0.07262484283488368,0.6129846581851506,0.0,-0.0,0.8116063958578522,0.48471494245498
2026-01-30 00:00:00-05:00,66.5999984741211,66.91000366210938,61.8849983215332,63.93000030517578,15737900,0.0,0.0,76.89850006103515,78.84260009765624,,20.86021591067305,-4.387764927573059,-3.391714637691889,-0.9960502898811701,-0.05358997162159018,0.6343171791025497,0.0,-0.0,0.7681124321359288,0.48471494245498
2026-02-02 00:00:00-05:00,61.5,61.869998931884766,58.40999984741211,58.86000061035156,14468200,0.0,0.0,75.66800003051758,78.48780014038086,,18.048911270066966,-5.117375233362964,-3.7368467568261043,-1.3805284765368593,-0.07930548522793845,0.6346748517182585,0.0,-0.0,0.7071969029957771,0.48471494245498
2026-02-03 00:00:00-05:00,60.16600036621094,60.16600036621094,53.7599983215332,56.15999984741211,16819300,0.0,0.0,74.23599987030029,78.21660011291505,,15.6690201822976,-5.846074249092524,-4.158692255279388,-1.687381993813136,-0.04587157211929438,0.6306530058613843,0.0,-0.0,0.6747566692574647,0.48471494245498
2026-02-04 00:00:00-05:00,56.185001373291016,56.290000915527344,51.52000045776367,55.04999923706055,14496000,0.0,0.0,72.74599990844726,77.97900009155273,,12.370349275897539,-6.438917409830722,-4.614737286189655,-1.8241801236410673,-0.01976496818674245,0.6261252227802478,0.0,-0.0,0.6614201251557986,0.48471494245498
2026-02-05 00:00:00-05:00,53.630001068115234,54.47800064086914,49.900001525878906,50.22999954223633,15489000,0.0,0.0,71.22800006866456,77.55700004577636,,13.526970122423833,-7.214519093644846,-5.1346936476806935,-2.0798254459641523,-0.08755676224568076,0.6625014535701473,0.0,-0.0,0.6035083205130239,0.48471494245498
2026-02-06 00:00:00-05:00,53.80500030517578,57.79999923706055,53.619998931884766,57.040000915527344,17508700,0.0,0.0,69.99050006866455,77.24300010681152,,23.66300207288522,-7.196719515930191,-5.547098821330593,-1.649620694599598,0.1355763773711518,0.8614748727711885,0.0,0.0,0.6853297923215277,0.48471494245498
2026-02-09 00:00:00-05:00,56.33000183105469,60.880001068115234,55.7599983215332,60.099998474121094,10755400,0.0,0.0,68.85049991607666,77.04280006408692,,33.46456495820253,-6.856657710870735,-5.809010599238621,-1.0476471116321138,0.05364652015215454,0.8912401654893106,0.0,0.0,0.7220953508361764,0.48471494245498
2026-02-10 00:00:00-05:00,58.540000915527344,62.0,58.29999923706055,59.75,7515500,0.0,0.0,67.69299983978271,76.78500007629394,,33.211771091087115,-6.540009078507644,-5.955210295092426,-0.5847987834152182,-0.005823602046708953,0.8902256962263465,0.0,-0.0,0.7178901548731278,0.48471494245498
2026-02-11 00:00:00-05:00,59.11000061035156,59.16999816894531,55.88999938964844,57.86000061035156,8585500,0.0,0.0,66.41299991607666,76.34360008239746,,32.700690891842996,-6.368161707271952,-6.037800577528332,-0.3303611297436202,-0.031631788948091044,0.8883491654013778,0.0,-0.0,0.6951820050062686,0.48471494245498
2026-02-12 00:00:00-05:00,58.75,58.75,55.310001373291016,56.630001068115234,8567200,0.0,0.0,65.00449981689454,75.95740005493164,,31.716413838547368,-6.259071431670009,-6.082054748356667,-0.17701668331334197,-0.02125820133531542,0.8799488935280361,0.0,-0.0,0.6804036859791571,0.48471494245498
2026-02-13 00:00:00-05:00,58.439998626708984,62.20000076293945,57.22999954223633,60.040000915527344,12023900,0.0,0.0,64.17649993896484,75.60940002441406,,37.424730833219066,-5.830250613308877,-6.031693921347109,0.20144330803823163,0.06021542968559235,0.8713384585294419,0.0,0.0,0.721374486290053,0.48471494245498
2026-02-17 00:00:00-05:00,59.27000045776367,62.900001525878906,57.02000045776367,61.619998931884766,9686900,0.0,0.0,63.32699985504151,75.11599998474121,,40.48379462716026,-5.301798556441213,-5.88571484836593,0.5839162919247167,0.02631575603372127,0.8713809571845587,0.0,0.0,0.740358001280213,0.48471494245498
2026-02-18 00:00:00-05:00,62.125,64.69999694824219,61.20000076293945,63.150001525878906,7462500,0.0,0.0,62.84950008392334,74.62980003356934,,38.59195164324823,-4.705298321409273,-5.649631542974598,0.9443332215653246,0.024829643305989357,0.8451314072840025,0.0,0.0,0.7587408263707359,0.48471494245498
2026-02-19 00:00:00-05:00,62.26499938964844,62.849998474121094,59.79999923706055,61.91999816894531,6951600,0.0,0.0,62.313500022888185,74.1557999420166,,42.67117372294555,-4.282453125040952,-5.3761958593878685,1.0937427343469164,-0.01947748736679822,0.8462996311883592,1.0,-0.01947748736679822,0.7439624615104259,0.4752739132868148
2026-02-20 00:00:00-05:00,62.25,65.5,61.5,63.02000045776367,9415100,0.0,0.0,61.89700012207031,73.73699996948243,,48.73223771779725,-3.814611798578369,-5.063879047225969,1.2492672486476,0.017764895370588674,0.8494886440481567,0.0,0.0,0.7571788767988042,0.4752739132868148
2026-02-23 00:00:00-05:00,62.095001220703125,63.130001068115234,59.83000183105469,61.16999816894531,8797200,0.0,0.0,61.388999938964844,73.18279998779298,,53.535349171427356,-3.5521766194199316,-4.761538561664762,1.20936194224483,-0.029355796181852467,0.8536744232294661,1.0,-0.029355796181852467,0.7349512880182946,0.46132186915781564
2026-02-24 00:00:00-05:00,60.38999938964844,62.95000076293945,59.459999084472656,61.369998931884766,8283500,0.0,0.0,60.912499809265135,72.64199989318848,,58.63440186139995,-3.290129889765929,-4.467256827284995,1.1771269375190663,0.0032695891601479676,0.8543516291659273,0.0,0.0,0.7373542767828359,0.46132186915781564
2026-02-25 00:00:00-05:00,73.7699966430664,83.3499984741211,71.19000244140625,83.13999938964844,63849900,0.0,0.0,61.571499824523926,72.53339988708495,,77.63131716761424,-1.3106900520699298,-3.8359434722419823,2.5252534201720525,0.354733596817012,1.537445407683018,1.0,0.354733596817012,0.998918611514418,0.6249682350945146
2026-02-26 00:00:00-05:00,81.56500244140625,90.5999984741211,81.2300033569336,87.20999908447266,41836500,0.0,0.0,62.28999996185303,72.60819984436036,,86.92092189827176,0.5797621047100137,-2.9528023568515835,3.532564461561597,0.048953568976462636,1.5396139034101721,1.0,0.048953568976462636,1.0478192426650612,0.655562660699312
2026-02-27 00:00:00-05:00,83.62000274658203,84.9800033569336,80.97000122070312,83.44000244140625,19295200,0.0,0.0,63.08449993133545,72.76779991149903,,78.06122556554264,1.7535381408632276,-2.0115342573086217,3.7650723981718492,-0.0432289494627186,1.5213707203610791,1.0,-0.0432289494627186,1.0025231175778293,0.6272233755702961
2026-03-02 00:00:00-05:00,80.80000305175781,96.61000061035156,80.2300033569336,96.13999938964844,32855500,0.0,0.0,64.69499988555908,73.03059989929199,,81.79252004364962,3.666285069437208,-0.8759703919594557,4.542255461396664,0.15220513634524946,1.5738242416465291,1.0,0.15220513634524946,1.1551122853780273,0.7226899949679005
2026-03-03 00:00:00-05:00,91.5,104.30000305175781,91.12999725341797,99.62999725341797,33367000,0.0,0.0,66.7334997177124,73.43919990539551,,83.3333312076801,5.401499329453273,0.37952355232309,5.021975777130183,0.03630120538720649,1.525234127020825,1.0,0.03630120538720649,1.1970442536948207,0.7489245129065095
2026-03-04 00:00:00-05:00,102.80000305175781,106.3499984741211,101.4000015258789,105.2699966430664,24171000,0.0,0.0,69.18899955749512,73.92479988098144,,87.28959907213505,7.149356614629227,1.7334901647843175,5.415866449844909,0.05660945041785537,1.500359434927539,1.0,0.05660945041785537,1.2648082710223363,0.7913207179866071
2026-03-05 00:00:00-05:00,105.2699966430664,110.12000274658203,103.30000305175781,105.73999786376953,20902200,0.0,0.0,71.72349948883057,74.31699989318848,,89.0940898916598,8.474779295952757,3.0817479910180055,5.393031304934752,0.00446472153216404,1.4909328621175615,1.0,0.00446472153216404,1.270455287744029,0.7948537446350494
2026-03-06 00:00:00-05:00,102.81999969482422,106.29000091552734,100.06999969482422,101.91000366210938,19662200,0.0,0.0,74.30749969482422,74.61519996643067,,83.10928797702422,9.111110585222477,4.2876205098589,4.823490075363576,-0.036220865131797564,1.4445434386063314,1.0,-0.036220865131797564,1.2244382981106734,0.766063454351119
2026-03-09 00:00:00-04:00,105.20999908447266,112.66000366210938,104.9000015258789,111.83999633789062,21509600,0.0,0.0,77.04749946594238,75.1973998260498,,85.0796340810578,10.297966588442335,5.489689725575587,4.808276862866748,0.09743884132027825,1.4169438285669866,1.0,0.09743884132027825,1.343746147146751,0.8407077897209019
2026-03-10 00:00:00-04:00,113.44000244140625,121.80000305175781,112.80000305175781,118.08999633789062,24161100,0.0,0.0,79.94699935913086,75.90639976501465,,86.0026235922115,11.609059279415789,6.713563636343627,4.895495643072161,0.05588340669394798,1.417304368132806,1.0,0.05588340669394798,1.4188392595811785,0.8876894050446451
2026-03-11 00:00:00-04:00,119.80000305175781,123.3949966430664,111.72000122070312,112.80999755859375,19437400,0.0,0.0,82.59999923706054,76.53719978332519,,81.66771003129334,12.08277519702186,7.787405948479274,4.295369248542586,-0.04471165164735236,1.4396526391440736,1.0,-0.04471165164735236,1.3554006128631975,0.8479993455952435
2026-03-12 00:00:00-04:00,113.04499816894531,117.77999877929688,112.1500015258789,114.18000030517578,12296200,0.0,0.0,85.41599922180175,77.2105997467041,,81.72910581008037,12.425512671260833,8.715027293035586,3.710485378225247,0.012144338057187287,1.4207782975639658,1.0,0.012144338057187287,1.371861056108727,0.8582977363204257
2026-03-13 00:00:00-04:00,118.33499908447266,119.30000305175781,113.16000366210938,115.37999725341797,11308100,0.0,0.0,88.35349903106689,77.9203997039795,,83.89396884607403,12.64816415069518,9.501654664567505,3.146509486127675,0.010509694736686725,1.407665610215979,1.0,0.010509694736686725,1.3862788970295783,0.8673181835223426
2026-03-16 00:00:00-04:00,120.1500015258789,125.69999694824219,119.77999877929688,124.12999725341797,7971997,0.0,0.0,91.55799884796143,78.81699958801269,,85.44962394065308,13.376473268192797,10.276618385292565,3.0998548829002317,0.07583636859326415,1.4118105025966419,1.0,0.07583636859326415,1.491409254437777,0.9330924449755833
